"","Year","Team","Season","total"
"1",1896,"Australia","Summer",2
"2",1896,"Australia/Great Britain","Summer",2
"3",1896,"Austria","Summer",5
"4",1896,"Denmark","Summer",6
"5",1896,"Ethnikos Gymnastikos Syllogos","Summer",2
"6",1896,"France","Summer",11
"7",1896,"Germany","Summer",31
"8",1896,"Great Britain","Summer",7
"9",1896,"Great Britain/Germany","Summer",2
"10",1896,"Greece","Summer",44
"11",1896,"Greece-1","Summer",2
"12",1896,"Hungary","Summer",6
"13",1896,"Switzerland","Summer",3
"14",1896,"United States","Summer",20
"15",1900,"A North American Team","Summer",4
"16",1900,"Amateur Athletic Association","Summer",5
"17",1900,"Aschenbrodel","Summer",8
"18",1900,"Australia","Summer",5
"19",1900,"Austria","Summer",6
"20",1900,"Baby-1","Summer",2
"21",1900,"Bagatelle Polo Club, Paris","Summer",4
"22",1900,"Belgium","Summer",14
"23",1900,"Belgium-1","Summer",1
"24",1900,"BLO Polo Club, Rugby","Summer",4
"25",1900,"Bohemia","Summer",2
"26",1900,"Bohemia/Great Britain","Summer",2
"27",1900,"Bona Fide","Summer",3
"28",1900,"Brussels Swimming and Water Polo Club","Summer",10
"29",1900,"Brynhild-2","Summer",1
"30",1900,"Canada","Summer",2
"31",1900,"Carabinier-15","Summer",1
"32",1900,"Cercle de l'Aviron Roubaix-4","Summer",5
"33",1900,"Cicely-1","Summer",1
"34",1900,"Club Nautique de Lyon-2","Summer",4
"35",1900,"Crabe II-1","Summer",5
"36",1900,"Crabe II-4","Summer",5
"37",1900,"Cuba","Summer",2
"38",1900,"Denmark","Summer",6
"39",1900,"Denmark/Sweden","Summer",6
"40",1900,"Deutscher Schwimm Verband Berlin","Summer",4
"41",1900,"Devon and Somerset Wanderers","Summer",12
"42",1900,"Esterel-1","Summer",2
"43",1900,"Fantlet-7","Summer",1
"44",1900,"Favorite-1","Summer",8
"45",1900,"Favorite Hammonia-3","Summer",6
"46",1900,"Femur-1","Summer",1
"47",1900,"Formosa","Summer",1
"48",1900,"Foxhunters Hurlingham","Summer",5
"49",1900,"France","Summer",75
"50",1900,"France-1","Summer",4
"51",1900,"France/Great Britain","Summer",2
"52",1900,"Frankfurt Club","Summer",15
"53",1900,"Frimousse","Summer",1
"54",1900,"Germania Ruder Club, Hamburg-2","Summer",5
"55",1900,"Germany","Summer",2
"56",1900,"Gitana-2","Summer",10
"57",1900,"Great Britain","Summer",22
"58",1900,"Great Britain-1","Summer",2
"59",1900,"Great Britain-2","Summer",2
"60",1900,"Gwendoline-2","Summer",3
"61",1900,"Hungary","Summer",5
"62",1900,"India","Summer",2
"63",1900,"Italy","Summer",5
"64",1900,"Laurea-1","Summer",1
"65",1900,"Lerina","Summer",6
"66",1900,"Libellule de Paris","Summer",7
"67",1900,"Ludwigshafener Ruder Verein-1","Summer",5
"68",1900,"Luxembourg","Summer",1
"69",1900,"Martha-1","Summer",8
"70",1900,"Mascotte","Summer",3
"71",1900,"Mignon-3","Summer",1
"72",1900,"Minerva Amsterdam","Summer",17
"73",1900,"Moseley Wanderers","Summer",15
"74",1900,"Netherlands","Summer",6
"75",1900,"Nina Claire-2","Summer",4
"76",1900,"Norway","Summer",9
"77",1900,"Olle","Summer",6
"78",1900,"Osborne Swimming Club, Manchester","Summer",7
"79",1900,"Pupilles de Neptune de Lille-1","Summer",4
"80",1900,"Pupilles de Neptune de Lille #2-1","Summer",8
"81",1900,"Quand-Mme-2","Summer",9
"82",1900,"Racing Club de France","Summer",11
"83",1900,"Rowing Club Castillon-3","Summer",3
"84",1900,"Royal Club Nautique de Gand","Summer",9
"85",1900,"Sarcelle-3","Summer",3
"86",1900,"Scamasaxe-2","Summer",2
"87",1900,"Scamasaxe-3","Summer",2
"88",1900,"Scotia","Summer",6
"89",1900,"Societ Nautique de la Marne-1","Summer",2
"90",1900,"Spain","Summer",2
"91",1900,"Sweden","Summer",1
"92",1900,"Switzerland","Summer",15
"93",1900,"Tritons Lillois-2","Summer",5
"94",1900,"Turquoise-1","Summer",1
"95",1900,"Union des Socits Franais de Sports Athletiques","Summer",29
"96",1900,"United States","Summer",45
"97",1900,"United States/France","Summer",2
"98",1900,"United States/Great Britain","Summer",2
"99",1900,"Univ. of Brussels","Summer",11
"100",1900,"Upton Park FC","Summer",11
"101",1900,"USFSA","Summer",13
"102",1900,"Vesper Boat Club","Summer",9
"103",1904,"Atalanta Boat Club-1","Summer",2
"104",1904,"Atalanta Boat Club-2","Summer",2
"105",1904,"Australia","Summer",4
"106",1904,"Austria","Summer",3
"107",1904,"Boston Archers","Summer",4
"108",1904,"Canada","Summer",2
"109",1904,"Central Turnverein, Chicago","Summer",6
"110",1904,"Century Boat Club-1","Summer",4
"111",1904,"Chicago Athletic Association","Summer",5
"112",1904,"Chicago Athletic Association-2","Summer",11
"113",1904,"Christian Brothers' College-1","Summer",11
"114",1904,"Cincinnati Archers","Summer",8
"115",1904,"Cuba","Summer",5
"116",1904,"France","Summer",1
"117",1904,"Galt Football Club","Summer",13
"118",1904,"Germany","Summer",15
"119",1904,"Great Britain","Summer",2
"120",1904,"Greece","Summer",2
"121",1904,"Hungary","Summer",4
"122",1904,"Independent Rowing Club-3","Summer",2
"123",1904,"Milwaukee Athletic Club-1","Summer",5
"124",1904,"Missouri Athletic Club-3","Summer",11
"125",1904,"Mohawk Indians-2","Summer",12
"126",1904,"Mound City Rowing Club-2","Summer",4
"127",1904,"New York Athletic Club","Summer",5
"128",1904,"New York Athletic Club-1","Summer",7
"129",1904,"New York Athletic Club #1-1","Summer",4
"130",1904,"New York Turnverein, New York","Summer",6
"131",1904,"Norway","Summer",2
"132",1904,"Philadelphia Turngemeinde, Philadelphia","Summer",6
"133",1904,"Potomac Archers","Summer",4
"134",1904,"Ravenswood Boat Club-2","Summer",2
"135",1904,"Seawanhaka Boat Club-1","Summer",2
"136",1904,"St. Louis Amateur Athletic Association","Summer",12
"137",1904,"St. Louis Southwest Turnverein #1-2","Summer",5
"138",1904,"St. Louis Southwest Turnverein #2-3","Summer",5
"139",1904,"St. Rose-2","Summer",12
"140",1904,"Switzerland","Summer",3
"141",1904,"Toronto Argonauts","Summer",9
"142",1904,"Trans-Mississippi Golf Association-2","Summer",10
"143",1904,"United States","Summer",199
"144",1904,"United States-1","Summer",2
"145",1904,"United States-2","Summer",2
"146",1904,"United States-3","Summer",2
"147",1904,"United States-4","Summer",2
"148",1904,"United States Golf Association-3","Summer",10
"149",1904,"Vesper Boat Club","Summer",9
"150",1904,"Western Golf Association-1","Summer",10
"151",1904,"Western Rowing Club-3","Summer",6
"152",1904,"Winnipeg Shamrocks-1","Summer",12
"153",1906,"Australia","Summer",3
"154",1906,"Austria","Summer",9
"155",1906,"Barion/Bari-2","Summer",3
"156",1906,"Belgium","Summer",9
"157",1906,"Bohemia","Summer",3
"158",1906,"Bucintoro Venezia","Summer",8
"159",1906,"Bucintoro Venezia-1","Summer",3
"160",1906,"Canada","Summer",2
"161",1906,"Denmark","Summer",34
"162",1906,"Finland","Summer",4
"163",1906,"France","Summer",45
"164",1906,"Germany","Summer",30
"165",1906,"Great Britain","Summer",31
"166",1906,"Greece","Summer",28
"167",1906,"Greece-1","Summer",4
"168",1906,"Greece-2","Summer",2
"169",1906,"Hungary","Summer",13
"170",1906,"Italy","Summer",9
"171",1906,"Large boat, Central Naval Prep School ""Poros""-1","Summer",17
"172",1906,"Life boat naval ship ""Spetsai""-1","Summer",7
"173",1906,"Marinai della nave da guerra ""Varese""","Summer",24
"174",1906,"Netherlands","Summer",6
"175",1906,"Norway","Summer",25
"176",1906,"Omas Helliniki P. S.","Summer",8
"177",1906,"Phalainis ton Thorichtou ""Hydra""-2","Summer",24
"178",1906,"Pistoja/Firenze","Summer",9
"179",1906,"Royal Club Nautique de Gand","Summer",3
"180",1906,"Smyrna","Summer",11
"181",1906,"Socit Nautique de Bayonne-1","Summer",3
"182",1906,"Socit Nautique de Bayonne-2","Summer",5
"183",1906,"Socit Nautique de la Basse Seine-1","Summer",8
"184",1906,"Sweden","Summer",21
"185",1906,"Switzerland","Summer",12
"186",1906,"Thessalonki-1","Summer",11
"187",1906,"United States","Summer",24
"188",1908,"Amstel Amsterdam","Summer",4
"189",1908,"Argonaut Rowing Club","Summer",6
"190",1908,"Australasia","Summer",19
"191",1908,"Austria","Summer",1
"192",1908,"Belgium","Summer",21
"193",1908,"Berliner Ruderclub","Summer",2
"194",1908,"Bohemia","Summer",6
"195",1908,"Cambridge University Boat Club-2","Summer",9
"196",1908,"Camille","Summer",1
"197",1908,"Canada","Summer",37
"198",1908,"Cobweb-1","Summer",5
"199",1908,"Cornwall","Summer",15
"200",1908,"Denmark","Summer",17
"201",1908,"Dormy-1","Summer",3
"202",1908,"England-1","Summer",11
"203",1908,"Finland","Summer",30
"204",1908,"France","Summer",36
"205",1908,"Germany","Summer",19
"206",1908,"Great Britain","Summer",167
"207",1908,"Great Britain-1","Summer",14
"208",1908,"Great Britain-2","Summer",14
"209",1908,"Great Britain-3","Summer",4
"210",1908,"Greece","Summer",4
"211",1908,"Guyoni","Summer",3
"212",1908,"Gyrinus-1","Summer",6
"213",1908,"Hera-1","Summer",10
"214",1908,"Heroine","Summer",4
"215",1908,"Hungary","Summer",20
"216",1908,"Hurlingham-2","Summer",4
"217",1908,"Ireland-2","Summer",12
"218",1908,"Ireland-3","Summer",4
"219",1908,"Italy","Summer",8
"220",1908,"K Division Metropolitan Police Team-3","Summer",8
"221",1908,"Leander Club-1","Summer",9
"222",1908,"Leander Club-2","Summer",4
"223",1908,"Leander Club #1-1","Summer",2
"224",1908,"Leander Club #2-2","Summer",2
"225",1908,"Liverpool Police Team-2","Summer",8
"226",1908,"London City Police-1","Summer",8
"227",1908,"Magdalen College Boat Club-1","Summer",4
"228",1908,"Mouchette-2","Summer",10
"229",1908,"Netherlands","Summer",12
"230",1908,"Norway","Summer",42
"231",1908,"Roehampton-1","Summer",4
"232",1908,"Royal Club Nautique de Gand","Summer",9
"233",1908,"Russia","Summer",3
"234",1908,"Scotland-3","Summer",11
"235",1908,"Sorais-2","Summer",5
"236",1908,"South Africa","Summer",2
"237",1908,"Sweden","Summer",79
"238",1908,"Toronto Argonauts","Summer",9
"239",1908,"United States","Summer",65
"240",1908,"Vinga-1","Summer",5
"241",1908,"Wales-4","Summer",11
"242",1908,"Zut","Summer",3
"243",1912,"Australasia","Summer",10
"244",1912,"Austria","Summer",14
"245",1912,"Belgium","Summer",19
"246",1912,"Berliner Ruderverein von 1876-2","Summer",9
"247",1912,"Canada","Summer",8
"248",1912,"Denmark","Summer",74
"249",1912,"England","Summer",1
"250",1912,"England-1","Summer",12
"251",1912,"Erna Signe","Summer",10
"252",1912,"Finland","Summer",52
"253",1912,"France","Summer",23
"254",1912,"Gallia II","Summer",7
"255",1912,"Germany","Summer",39
"256",1912,"Great Britain","Summer",128
"257",1912,"Great Britain-1","Summer",2
"258",1912,"Great Britain-2","Summer",4
"259",1912,"Greece","Summer",2
"260",1912,"Heatherbell","Summer",7
"261",1912,"Hungary","Summer",30
"262",1912,"Italy","Summer",25
"263",1912,"Kerstin-1","Summer",3
"264",1912,"Kitty-1","Summer",8
"265",1912,"Kristiania Roklub-1","Summer",5
"266",1912,"Leander Club-1","Summer",9
"267",1912,"Lucky Girl-1","Summer",5
"268",1912,"Ludwigshafener Ruderverein","Summer",5
"269",1912,"Mac Miche","Summer",3
"270",1912,"Magda IX","Summer",10
"271",1912,"Netherlands","Summer",26
"272",1912,"New College, Oxford-2","Summer",9
"273",1912,"Nina","Summer",7
"274",1912,"Norway","Summer",55
"275",1912,"Nurdug II","Summer",3
"276",1912,"Nykjbings paa Falster","Summer",5
"277",1912,"Ormsund Roklub-2","Summer",5
"278",1912,"Polyteknisk Roklub-1","Summer",5
"279",1912,"Roddklubben af 1912-1","Summer",5
"280",1912,"Russia","Summer",7
"281",1912,"Sans Atout-1","Summer",5
"282",1912,"South Africa","Summer",7
"283",1912,"Sweden","Summer",153
"284",1912,"Sweden-1","Summer",2
"285",1912,"Sweden-2","Summer",2
"286",1912,"Sweden-3","Summer",2
"287",1912,"Switzerland","Summer",2
"288",1912,"Taifun","Summer",5
"289",1912,"Thames Rowing Club","Summer",5
"290",1912,"United States","Summer",107
"291",1920,"Ancora","Summer",4
"292",1920,"Antwerpia V","Summer",5
"293",1920,"Atlanta","Summer",9
"294",1920,"Australia","Summer",7
"295",1920,"Beatrijs III-1","Summer",3
"296",1920,"Belgium","Summer",177
"297",1920,"Boreas-2","Summer",2
"298",1920,"Brazil","Summer",7
"299",1920,"Canada","Summer",16
"300",1920,"Czechoslovakia","Summer",10
"301",1920,"Denmark","Summer",71
"302",1920,"Edelweiss II-1","Summer",3
"303",1920,"Eleda","Summer",7
"304",1920,"Elsie","Summer",4
"305",1920,"Estonia","Summer",3
"306",1920,"Finland","Summer",52
"307",1920,"Fornebo","Summer",4
"308",1920,"France","Summer",134
"309",1920,"France-3","Summer",4
"310",1920,"Great Britain","Summer",101
"311",1920,"Great Britain-1","Summer",2
"312",1920,"Great Britain-2","Summer",2
"313",1920,"Great Britain-3","Summer",2
"314",1920,"Greece","Summer",5
"315",1920,"Heira II","Summer",9
"316",1920,"Irene","Summer",5
"317",1920,"Italy","Summer",84
"318",1920,"Japan","Summer",3
"319",1920,"Jo","Summer",3
"320",1920,"Kullan","Summer",3
"321",1920,"Luxembourg","Summer",1
"322",1920,"Lyn-2","Summer",5
"323",1920,"Marmi II-1","Summer",3
"324",1920,"Mosk II","Summer",7
"325",1920,"Netherlands","Summer",42
"326",1920,"New Zealand","Summer",1
"327",1920,"Norway","Summer",78
"328",1920,"Oranje","Summer",3
"329",1920,"Rose Pompon","Summer",3
"330",1920,"Sif","Summer",4
"331",1920,"Sildra-1","Summer",4
"332",1920,"South Africa","Summer",21
"333",1920,"Spain","Summer",23
"334",1920,"Stella-2","Summer",3
"335",1920,"Sweden","Summer",143
"336",1920,"Switzerland","Summer",29
"337",1920,"Tan-Fe-Pah","Summer",3
"338",1920,"United States","Summer",194
"339",1924,"Argentina","Summer",10
"340",1924,"Australia","Summer",10
"341",1924,"Austria","Summer",4
"342",1924,"Belgium","Summer",39
"343",1924,"Bera","Summer",5
"344",1924,"Bonzo","Summer",3
"345",1924,"Canada","Summer",20
"346",1924,"Czechoslovakia","Summer",10
"347",1924,"Denmark","Summer",11
"348",1924,"Elisabeth V","Summer",3
"349",1924,"Emily","Summer",5
"350",1924,"Estonia","Summer",6
"351",1924,"Finland","Summer",52
"352",1924,"France","Summer",101
"353",1924,"France-1","Summer",2
"354",1924,"France-2","Summer",2
"355",1924,"Great Britain","Summer",55
"356",1924,"Great Britain-1","Summer",2
"357",1924,"Great Britain-2","Summer",2
"358",1924,"Greece","Summer",1
"359",1924,"Haiti","Summer",5
"360",1924,"Hungary","Summer",22
"361",1924,"Ireland","Summer",2
"362",1924,"Italy","Summer",51
"363",1924,"Japan","Summer",1
"364",1924,"Luxembourg","Summer",2
"365",1924,"Monaco","Summer",1
"366",1924,"Namoussa","Summer",5
"367",1924,"Netherlands","Summer",24
"368",1924,"New Zealand","Summer",1
"369",1924,"Norway","Summer",14
"370",1924,"Poland","Summer",5
"371",1924,"Portugal","Summer",4
"372",1924,"Romania","Summer",16
"373",1924,"South Africa","Summer",3
"374",1924,"Sweden","Summer",72
"375",1924,"Switzerland","Summer",60
"376",1924,"United States","Summer",174
"377",1924,"United States-1","Summer",4
"378",1924,"United States-2","Summer",4
"379",1924,"Uruguay","Summer",14
"380",1924,"Willem-Six","Summer",3
"381",1924,"Yugoslavia","Summer",2
"382",1928,"Argentina","Summer",26
"383",1928,"Australia","Summer",4
"384",1928,"Austria","Summer",5
"385",1928,"Belgium","Summer",5
"386",1928,"Canada","Summer",33
"387",1928,"Chile","Summer",1
"388",1928,"Czechoslovakia","Summer",16
"389",1928,"Denmark","Summer",11
"390",1928,"Egypt","Summer",4
"391",1928,"Estonia","Summer",4
"392",1928,"Finland","Summer",25
"393",1928,"France","Summer",44
"394",1928,"Germany","Summer",77
"395",1928,"Great Britain","Summer",58
"396",1928,"Haiti","Summer",1
"397",1928,"Hi-Hi","Summer",4
"398",1928,"Hollandia","Summer",6
"399",1928,"Hungary","Summer",21
"400",1928,"India","Summer",14
"401",1928,"Ireland","Summer",1
"402",1928,"Italy","Summer",72
"403",1928,"Japan","Summer",9
"404",1928,"L'Aile VI","Summer",6
"405",1928,"Luxembourg","Summer",1
"406",1928,"Netherlands","Summer",51
"407",1928,"New Zealand","Summer",1
"408",1928,"Norna","Summer",4
"409",1928,"Norway","Summer",5
"410",1928,"Philippines","Summer",1
"411",1928,"Poland","Summer",20
"412",1928,"Portugal","Summer",6
"413",1928,"South Africa","Summer",6
"414",1928,"Spain","Summer",3
"415",1928,"Sweden","Summer",31
"416",1928,"Switzerland","Summer",30
"417",1928,"Sylvia","Summer",6
"418",1928,"Tutti V","Summer",5
"419",1928,"United States","Summer",88
"420",1928,"Uruguay","Summer",17
"421",1928,"Yugoslavia","Summer",12
"422",1932,"Angelita","Summer",12
"423",1932,"Argentina","Summer",4
"424",1932,"Australia","Summer",5
"425",1932,"Austria","Summer",5
"426",1932,"Belgium","Summer",1
"427",1932,"Bissbi","Summer",4
"428",1932,"Canada","Summer",29
"429",1932,"Caprice","Summer",4
"430",1932,"Czechoslovakia","Summer",6
"431",1932,"Denmark","Summer",11
"432",1932,"Finland","Summer",29
"433",1932,"France","Summer",40
"434",1932,"Gallant","Summer",5
"435",1932,"Germany","Summer",43
"436",1932,"Great Britain","Summer",33
"437",1932,"Hungary","Summer",33
"438",1932,"India","Summer",15
"439",1932,"Ireland","Summer",2
"440",1932,"Italy","Summer",77
"441",1932,"Japan","Summer",31
"442",1932,"Joy","Summer",2
"443",1932,"Jupiter","Summer",2
"444",1932,"Latvia","Summer",1
"445",1932,"Mexico","Summer",2
"446",1932,"Netherlands","Summer",13
"447",1932,"New Zealand","Summer",2
"448",1932,"Philippines","Summer",3
"449",1932,"Poland","Summer",21
"450",1932,"Santa Maria","Summer",6
"451",1932,"South Africa","Summer",5
"452",1932,"Spain","Summer",1
"453",1932,"Sweden","Summer",26
"454",1932,"Swedish Star","Summer",2
"455",1932,"Switzerland","Summer",1
"456",1932,"United States","Summer",170
"457",1932,"Uruguay","Summer",1
"458",1936,"Argentina","Summer",11
"459",1936,"Australia","Summer",1
"460",1936,"Austria","Summer",55
"461",1936,"Belgium","Summer",14
"462",1936,"Bem II","Summer",2
"463",1936,"Canada","Summer",22
"464",1936,"Czechoslovakia","Summer",18
"465",1936,"Denmark","Summer",6
"466",1936,"Egypt","Summer",5
"467",1936,"Estonia","Summer",7
"468",1936,"Finland","Summer",27
"469",1936,"France","Summer",44
"470",1936,"Germania II","Summer",6
"471",1936,"Germany","Summer",215
"472",1936,"Great Britain","Summer",30
"473",1936,"Hungary","Summer",41
"474",1936,"India","Summer",19
"475",1936,"Italia","Summer",6
"476",1936,"Italy","Summer",70
"477",1936,"Japan","Summer",23
"478",1936,"Lalage","Summer",5
"479",1936,"Latvia","Summer",2
"480",1936,"Lully II","Summer",5
"481",1936,"May Be","Summer",5
"482",1936,"Mexico","Summer",16
"483",1936,"Netherlands","Summer",34
"484",1936,"New Zealand","Summer",1
"485",1936,"Norway","Summer",17
"486",1936,"Nrnberg","Summer",1
"487",1936,"Philippines","Summer",1
"488",1936,"Poland","Summer",12
"489",1936,"Portugal","Summer",3
"490",1936,"Potsdam","Summer",1
"491",1936,"Romania","Summer",1
"492",1936,"Rostock","Summer",1
"493",1936,"Silja","Summer",6
"494",1936,"South Africa","Summer",1
"495",1936,"Sunshine","Summer",2
"496",1936,"Sweden","Summer",28
"497",1936,"Switzerland","Summer",52
"498",1936,"Turkey","Summer",2
"499",1936,"United States","Summer",96
"500",1936,"Wannsee","Summer",2
"501",1936,"Yugoslavia","Summer",1
"502",1948,"Ali-Baba II","Summer",5
"503",1948,"Argentina","Summer",6
"504",1948,"Australia","Summer",16
"505",1948,"Austria","Summer",8
"506",1948,"Belgium","Summer",15
"507",1948,"Brazil","Summer",10
"508",1948,"Canada","Summer",7
"509",1948,"Czechoslovakia","Summer",20
"510",1948,"Denmark","Summer",48
"511",1948,"Djinn","Summer",5
"512",1948,"Egypt","Summer",5
"513",1948,"Finland","Summer",33
"514",1948,"France","Summer",72
"515",1948,"Great Britain","Summer",59
"516",1948,"Hilarius","Summer",2
"517",1948,"Hungary","Summer",62
"518",1948,"India","Summer",20
"519",1948,"Iran","Summer",1
"520",1948,"Ireland","Summer",1
"521",1948,"Italy","Summer",67
"522",1948,"Jamaica","Summer",3
"523",1948,"Kurush II","Summer",2
"524",1948,"Llanoria","Summer",5
"525",1948,"Margaret","Summer",2
"526",1948,"Mexico","Summer",9
"527",1948,"Netherlands","Summer",40
"528",1948,"Norway","Summer",15
"529",1948,"Pan","Summer",3
"530",1948,"Panama","Summer",2
"531",1948,"Peru","Summer",1
"532",1948,"Poland","Summer",2
"533",1948,"Portugal","Summer",3
"534",1948,"Puerto Rico","Summer",1
"535",1948,"Slaghoken","Summer",3
"536",1948,"Snap","Summer",3
"537",1948,"South Africa","Summer",6
"538",1948,"South Korea","Summer",2
"539",1948,"Spain","Summer",3
"540",1948,"Sri Lanka","Summer",1
"541",1948,"Starita","Summer",2
"542",1948,"Sweden","Summer",67
"543",1948,"Swift","Summer",2
"544",1948,"Switzerland","Summer",36
"545",1948,"Symphony","Summer",2
"546",1948,"Trinidad and Tobago","Summer",1
"547",1948,"Turkey","Summer",12
"548",1948,"United States","Summer",143
"549",1948,"Uruguay","Summer",3
"550",1948,"Yugoslavia","Summer",16
"551",1952,"Argentina","Summer",6
"552",1952,"Australia","Summer",20
"553",1952,"Austria","Summer",3
"554",1952,"Belgium","Summer",8
"555",1952,"Brazil","Summer",3
"556",1952,"Bulgaria","Summer",1
"557",1952,"Canada","Summer",4
"558",1952,"Chile","Summer",4
"559",1952,"Comanche","Summer",2
"560",1952,"Complex II","Summer",4
"561",1952,"Czechoslovakia","Summer",25
"562",1952,"Denmark","Summer",9
"563",1952,"Egypt","Summer",1
"564",1952,"Elisabeth X","Summer",5
"565",1952,"Encore","Summer",3
"566",1952,"Espadarte","Summer",2
"567",1952,"Finland","Summer",35
"568",1952,"France","Summer",40
"569",1952,"Germany","Summer",37
"570",1952,"Great Britain","Summer",31
"571",1952,"Gustel X","Summer",3
"572",1952,"Hojwa","Summer",3
"573",1952,"Hungary","Summer",102
"574",1952,"India","Summer",15
"575",1952,"Iran","Summer",7
"576",1952,"Ireland","Summer",1
"577",1952,"Italy","Summer",52
"578",1952,"Jamaica","Summer",8
"579",1952,"Japan","Summer",12
"580",1952,"Lebanon","Summer",2
"581",1952,"Llanoria","Summer",6
"582",1952,"Luxembourg","Summer",1
"583",1952,"Merope","Summer",2
"584",1952,"Mexico","Summer",1
"585",1952,"Netherlands","Summer",18
"586",1952,"New Zealand","Summer",3
"587",1952,"Norway","Summer",2
"588",1952,"Pan","Summer",3
"589",1952,"Poland","Summer",4
"590",1952,"Ralia","Summer",5
"591",1952,"Romania","Summer",4
"592",1952,"South Africa","Summer",14
"593",1952,"South Korea","Summer",2
"594",1952,"Soviet Union","Summer",117
"595",1952,"Spain","Summer",1
"596",1952,"Sweden","Summer",64
"597",1952,"Switzerland","Summer",33
"598",1952,"Tornado","Summer",3
"599",1952,"Trinidad and Tobago","Summer",2
"600",1952,"Turkey","Summer",3
"601",1952,"United States","Summer",122
"602",1952,"Uruguay","Summer",14
"603",1952,"Venezuela","Summer",1
"604",1952,"Yugoslavia","Summer",24
"605",1956,"Argentina","Summer",2
"606",1956,"Australia","Summer",62
"607",1956,"Austria","Summer",4
"608",1956,"Belgium","Summer",2
"609",1956,"Bluebottle","Summer",3
"610",1956,"Brazil","Summer",1
"611",1956,"Bulgaria","Summer",18
"612",1956,"Buraddoo","Summer",3
"613",1956,"Canada","Summer",19
"614",1956,"Chile","Summer",4
"615",1956,"Chuckles","Summer",2
"616",1956,"Czechoslovakia","Summer",7
"617",1956,"Denmark","Summer",3
"618",1956,"Falcon IV","Summer",2
"619",1956,"Finland","Summer",26
"620",1956,"France","Summer",33
"621",1956,"Gem IV","Summer",2
"622",1956,"Germany","Summer",52
"623",1956,"Great Britain","Summer",37
"624",1956,"Greece","Summer",1
"625",1956,"Hungary","Summer",64
"626",1956,"Iceland","Summer",1
"627",1956,"India","Summer",17
"628",1956,"Iran","Summer",5
"629",1956,"Ireland","Summer",5
"630",1956,"Italy","Summer",45
"631",1956,"Japan","Summer",24
"632",1956,"Jest","Summer",2
"633",1956,"Kathleen","Summer",2
"634",1956,"Merope III","Summer",2
"635",1956,"Mexico","Summer",2
"636",1956,"New Zealand","Summer",1
"637",1956,"Norway","Summer",3
"638",1956,"Pakistan","Summer",14
"639",1956,"Poland","Summer",19
"640",1956,"Romania","Summer",19
"641",1956,"Rush V","Summer",3
"642",1956,"Slaghoken II","Summer",3
"643",1956,"South Africa","Summer",7
"644",1956,"South Korea","Summer",2
"645",1956,"Soviet Union","Summer",169
"646",1956,"Sweden","Summer",28
"647",1956,"Switzerland","Summer",3
"648",1956,"Tip","Summer",3
"649",1956,"Turkey","Summer",7
"650",1956,"United States","Summer",121
"651",1956,"Uruguay","Summer",12
"652",1956,"Vision","Summer",4
"653",1956,"Yugoslavia","Summer",23
"654",1960,"Argentina","Summer",1
"655",1960,"Australia","Summer",46
"656",1960,"Austria","Summer",3
"657",1960,"Ballerina IV","Summer",3
"658",1960,"Belgium","Summer",4
"659",1960,"Brazil","Summer",13
"660",1960,"Bulgaria","Summer",7
"661",1960,"Canada","Summer",9
"662",1960,"Chinese Taipei","Summer",1
"663",1960,"Czechoslovakia","Summer",22
"664",1960,"Denmark","Summer",18
"665",1960,"Ethiopia","Summer",1
"666",1960,"Finland","Summer",6
"667",1960,"France","Summer",12
"668",1960,"Germany","Summer",86
"669",1960,"Ghana","Summer",1
"670",1960,"Great Britain","Summer",28
"671",1960,"Hungary","Summer",66
"672",1960,"India","Summer",13
"673",1960,"Iran","Summer",4
"674",1960,"Iraq","Summer",1
"675",1960,"Italy","Summer",85
"676",1960,"Japan","Summer",31
"677",1960,"Ma'Lindo","Summer",2
"678",1960,"Macky VI","Summer",3
"679",1960,"Mexico","Summer",1
"680",1960,"Minotaur","Summer",3
"681",1960,"Morocco","Summer",1
"682",1960,"Netherlands","Summer",3
"683",1960,"New Zealand","Summer",3
"684",1960,"Nirefs","Summer",3
"685",1960,"Pakistan","Summer",14
"686",1960,"Poland","Summer",30
"687",1960,"Romania","Summer",15
"688",1960,"Shrew II","Summer",2
"689",1960,"Singapore","Summer",1
"690",1960,"Sirene","Summer",2
"691",1960,"Skum","Summer",2
"692",1960,"South Africa","Summer",3
"693",1960,"Soviet Union","Summer",167
"694",1960,"Spain","Summer",14
"695",1960,"Sweden","Summer",7
"696",1960,"Switzerland","Summer",9
"697",1960,"Tango","Summer",3
"698",1960,"Tornado","Summer",2
"699",1960,"Turkey","Summer",9
"700",1960,"United Arab Republic","Summer",2
"701",1960,"United States","Summer",120
"702",1960,"Venezuela","Summer",1
"703",1960,"Venilia","Summer",3
"704",1960,"Web II","Summer",3
"705",1960,"West Indies Federation","Summer",5
"706",1960,"Yugoslavia","Summer",17
"707",1964,"Aphrodite","Summer",3
"708",1964,"Argentina","Summer",1
"709",1964,"Australia","Summer",41
"710",1964,"Barrenjoey","Summer",3
"711",1964,"Belgium","Summer",3
"712",1964,"Bingo","Summer",3
"713",1964,"Brazil","Summer",12
"714",1964,"Bulgaria","Summer",10
"715",1964,"Canada","Summer",5
"716",1964,"Cuba","Summer",1
"717",1964,"Czechoslovakia","Summer",54
"718",1964,"Denmark","Summer",9
"719",1964,"Ethiopia","Summer",1
"720",1964,"Finland","Summer",5
"721",1964,"France","Summer",31
"722",1964,"Gem","Summer",2
"723",1964,"Germany","Summer",113
"724",1964,"Ghana","Summer",1
"725",1964,"Glider","Summer",2
"726",1964,"Great Britain","Summer",26
"727",1964,"Humbug V","Summer",2
"728",1964,"Hungary","Summer",56
"729",1964,"India","Summer",15
"730",1964,"Iran","Summer",2
"731",1964,"Ireland","Summer",1
"732",1964,"Italy","Summer",51
"733",1964,"Japan","Summer",62
"734",1964,"Kenya","Summer",1
"735",1964,"Lady C","Summer",2
"736",1964,"Mexico","Summer",1
"737",1964,"Mutafo","Summer",3
"738",1964,"Netherlands","Summer",31
"739",1964,"New Zealand","Summer",4
"740",1964,"Nigeria","Summer",1
"741",1964,"Pakistan","Summer",16
"742",1964,"Pandora","Summer",2
"743",1964,"Philippines","Summer",1
"744",1964,"Poland","Summer",46
"745",1964,"Romania","Summer",16
"746",1964,"Rush VII","Summer",3
"747",1964,"South Korea","Summer",3
"748",1964,"Soviet Union","Summer",174
"749",1964,"Sweden","Summer",10
"750",1964,"Switzerland","Summer",6
"751",1964,"Trinidad and Tobago","Summer",6
"752",1964,"Tunisia","Summer",2
"753",1964,"Turkey","Summer",6
"754",1964,"United States","Summer",159
"755",1964,"Uruguay","Summer",1
"756",1964,"White Lady","Summer",3
"757",1964,"Widgeon","Summer",2
"758",1964,"Yugoslavia","Summer",15
"759",1968,"Argentina","Summer",2
"760",1968,"Australia","Summer",51
"761",1968,"Austria","Summer",5
"762",1968,"Belgium","Summer",3
"763",1968,"Brazil","Summer",4
"764",1968,"Bulgaria","Summer",26
"765",1968,"Cameroon","Summer",1
"766",1968,"Canada","Summer",10
"767",1968,"Chinese Taipei","Summer",1
"768",1968,"Cuba","Summer",10
"769",1968,"Czechoslovakia","Summer",29
"770",1968,"Denmark","Summer",17
"771",1968,"East Germany","Summer",52
"772",1968,"Ethiopia","Summer",2
"773",1968,"Finland","Summer",4
"774",1968,"France","Summer",27
"775",1968,"Great Britain","Summer",19
"776",1968,"Greece","Summer",1
"777",1968,"Hungary","Summer",81
"778",1968,"India","Summer",16
"779",1968,"Iran","Summer",5
"780",1968,"Italy","Summer",33
"781",1968,"Jamaica","Summer",1
"782",1968,"Japan","Summer",63
"783",1968,"Kenya","Summer",12
"784",1968,"Mexico","Summer",9
"785",1968,"Mongolia","Summer",4
"786",1968,"Netherlands","Summer",14
"787",1968,"New Zealand","Summer",7
"788",1968,"Norway","Summer",6
"789",1968,"Pakistan","Summer",13
"790",1968,"Poland","Summer",37
"791",1968,"Romania","Summer",23
"792",1968,"South Korea","Summer",2
"793",1968,"Soviet Union","Summer",192
"794",1968,"Sweden","Summer",9
"795",1968,"Switzerland","Summer",13
"796",1968,"Tunisia","Summer",2
"797",1968,"Turkey","Summer",2
"798",1968,"Uganda","Summer",2
"799",1968,"United States","Summer",166
"800",1968,"Venezuela","Summer",1
"801",1968,"West Germany","Summer",51
"802",1968,"Yugoslavia","Summer",29
"803",1972,"Argentina","Summer",1
"804",1972,"Australia","Summer",20
"805",1972,"Austria","Summer",3
"806",1972,"Belgium","Summer",2
"807",1972,"Brazil","Summer",2
"808",1972,"Bulgaria","Summer",22
"809",1972,"Canada","Summer",11
"810",1972,"Colombia","Summer",3
"811",1972,"Cuba","Summer",22
"812",1972,"Czechoslovakia","Summer",29
"813",1972,"Denmark","Summer",1
"814",1972,"East Germany","Summer",149
"815",1972,"East Germany-1","Summer",2
"816",1972,"Ethiopia","Summer",2
"817",1972,"Finland","Summer",10
"818",1972,"France","Summer",22
"819",1972,"Ghana","Summer",1
"820",1972,"Great Britain","Summer",29
"821",1972,"Greece","Summer",2
"822",1972,"Hungary","Summer",81
"823",1972,"India","Summer",14
"824",1972,"Iran","Summer",3
"825",1972,"Italy","Summer",25
"826",1972,"Jamaica","Summer",1
"827",1972,"Japan","Summer",56
"828",1972,"Kenya","Summer",12
"829",1972,"Lebanon","Summer",1
"830",1972,"Mexico","Summer",1
"831",1972,"Mongolia","Summer",1
"832",1972,"Netherlands","Summer",6
"833",1972,"New Zealand","Summer",14
"834",1972,"Niger","Summer",1
"835",1972,"Nigeria","Summer",1
"836",1972,"North Korea","Summer",15
"837",1972,"Norway","Summer",8
"838",1972,"Pakistan","Summer",15
"839",1972,"Poland","Summer",46
"840",1972,"Romania","Summer",40
"841",1972,"South Korea","Summer",1
"842",1972,"Soviet Union","Summer",214
"843",1972,"Spain","Summer",1
"844",1972,"Sweden","Summer",22
"845",1972,"Switzerland","Summer",8
"846",1972,"Tunisia","Summer",1
"847",1972,"Turkey","Summer",1
"848",1972,"Uganda","Summer",2
"849",1972,"United States","Summer",171
"850",1972,"West Germany","Summer",100
"851",1972,"West Germany-1","Summer",2
"852",1972,"Yugoslavia","Summer",18
"853",1976,"Australia","Summer",23
"854",1976,"Austria","Summer",1
"855",1976,"Belgium","Summer",9
"856",1976,"Bermuda","Summer",1
"857",1976,"Brazil","Summer",3
"858",1976,"Bulgaria","Summer",39
"859",1976,"Canada","Summer",23
"860",1976,"Cuba","Summer",24
"861",1976,"Czechoslovakia","Summer",15
"862",1976,"Denmark","Summer",8
"863",1976,"East Germany","Summer",195
"864",1976,"Finland","Summer",6
"865",1976,"France","Summer",20
"866",1976,"Great Britain","Summer",32
"867",1976,"Hungary","Summer",55
"868",1976,"Iran","Summer",2
"869",1976,"Italy","Summer",31
"870",1976,"Jamaica","Summer",2
"871",1976,"Japan","Summer",41
"872",1976,"Mexico","Summer",2
"873",1976,"Mongolia","Summer",1
"874",1976,"Netherlands","Summer",14
"875",1976,"New Zealand","Summer",25
"876",1976,"North Korea","Summer",2
"877",1976,"Norway","Summer",6
"878",1976,"Pakistan","Summer",16
"879",1976,"Poland","Summer",73
"880",1976,"Portugal","Summer",2
"881",1976,"Puerto Rico","Summer",1
"882",1976,"Romania","Summer",55
"883",1976,"South Korea","Summer",17
"884",1976,"Soviet Union","Summer",286
"885",1976,"Spain","Summer",6
"886",1976,"Sweden","Summer",10
"887",1976,"Switzerland","Summer",10
"888",1976,"Thailand","Summer",1
"889",1976,"Trinidad and Tobago","Summer",1
"890",1976,"United States","Summer",164
"891",1976,"Venezuela","Summer",1
"892",1976,"West Germany","Summer",78
"893",1976,"Yugoslavia","Summer",19
"894",1980,"Australia","Summer",13
"895",1980,"Austria","Summer",5
"896",1980,"Belgium","Summer",1
"897",1980,"Brazil","Summer",9
"898",1980,"Bulgaria","Summer",90
"899",1980,"Cuba","Summer",20
"900",1980,"Czechoslovakia","Summer",51
"901",1980,"Denmark","Summer",8
"902",1980,"East Germany","Summer",264
"903",1980,"Ethiopia","Summer",4
"904",1980,"Finland","Summer",9
"905",1980,"France","Summer",29
"906",1980,"Great Britain","Summer",47
"907",1980,"Greece","Summer",5
"908",1980,"Guyana","Summer",1
"909",1980,"Hungary","Summer",61
"910",1980,"India","Summer",16
"911",1980,"Ireland","Summer",3
"912",1980,"Italy","Summer",37
"913",1980,"Jamaica","Summer",3
"914",1980,"Lebanon","Summer",1
"915",1980,"Mexico","Summer",10
"916",1980,"Mongolia","Summer",4
"917",1980,"Netherlands","Summer",6
"918",1980,"North Korea","Summer",5
"919",1980,"Poland","Summer",50
"920",1980,"Romania","Summer",68
"921",1980,"Soviet Union","Summer",442
"922",1980,"Spain","Summer",24
"923",1980,"Sweden","Summer",20
"924",1980,"Switzerland","Summer",2
"925",1980,"Tanzania","Summer",2
"926",1980,"Uganda","Summer",1
"927",1980,"Venezuela","Summer",1
"928",1980,"Yugoslavia","Summer",57
"929",1980,"Zimbabwe","Summer",15
"930",1984,"Algeria","Summer",2
"931",1984,"Australia","Summer",52
"932",1984,"Austria","Summer",3
"933",1984,"Belgium","Summer",5
"934",1984,"Brazil","Summer",36
"935",1984,"Cameroon","Summer",1
"936",1984,"Canada","Summer",87
"937",1984,"China","Summer",74
"938",1984,"Chinese Taipei","Summer",1
"939",1984,"Colombia","Summer",1
"940",1984,"Cote d'Ivoire","Summer",1
"941",1984,"Denmark","Summer",13
"942",1984,"Dominican Republic","Summer",1
"943",1984,"Egypt","Summer",1
"944",1984,"Finland","Summer",12
"945",1984,"France","Summer",67
"946",1984,"Great Britain","Summer",71
"947",1984,"Greece","Summer",2
"948",1984,"Iceland","Summer",1
"949",1984,"Ireland","Summer",1
"950",1984,"Italy","Summer",63
"951",1984,"Jamaica","Summer",7
"952",1984,"Japan","Summer",49
"953",1984,"Kenya","Summer",3
"954",1984,"Mexico","Summer",6
"955",1984,"Morocco","Summer",2
"956",1984,"Netherlands","Summer",41
"957",1984,"New Zealand","Summer",23
"958",1984,"Nigeria","Summer",5
"959",1984,"Norway","Summer",4
"960",1984,"Pakistan","Summer",16
"961",1984,"Peru","Summer",1
"962",1984,"Portugal","Summer",3
"963",1984,"Puerto Rico","Summer",2
"964",1984,"Romania","Summer",106
"965",1984,"South Korea","Summer",41
"966",1984,"Spain","Summer",19
"967",1984,"Sweden","Summer",34
"968",1984,"Switzerland","Summer",13
"969",1984,"Syria","Summer",1
"970",1984,"Thailand","Summer",1
"971",1984,"Turkey","Summer",3
"972",1984,"United States","Summer",352
"973",1984,"Venezuela","Summer",3
"974",1984,"West Germany","Summer",158
"975",1984,"Yugoslavia","Summer",87
"976",1984,"Zambia","Summer",1
"977",1988,"Argentina","Summer",13
"978",1988,"Australia","Summer",35
"979",1988,"Austria","Summer",1
"980",1988,"Belgium","Summer",2
"981",1988,"Brazil","Summer",23
"982",1988,"Bulgaria","Summer",41
"983",1988,"Canada","Summer",23
"984",1988,"Chile","Summer",1
"985",1988,"China","Summer",50
"986",1988,"China-1","Summer",2
"987",1988,"Colombia","Summer",1
"988",1988,"Costa Rica","Summer",1
"989",1988,"Czechoslovakia","Summer",10
"990",1988,"Denmark","Summer",7
"991",1988,"Djibouti","Summer",1
"992",1988,"East Germany","Summer",181
"993",1988,"Finland","Summer",4
"994",1988,"France","Summer",29
"995",1988,"Great Britain","Summer",54
"996",1988,"Greece","Summer",1
"997",1988,"Hungary","Summer",44
"998",1988,"Indonesia","Summer",3
"999",1988,"Iran","Summer",1
"1000",1988,"Italy","Summer",29
"1001",1988,"Jamaica","Summer",7
"1002",1988,"Japan","Summer",20
"1003",1988,"Kenya","Summer",9
"1004",1988,"Mexico","Summer",2
"1005",1988,"Mongolia","Summer",1
"1006",1988,"Morocco","Summer",3
"1007",1988,"Netherlands","Summer",45
"1008",1988,"Netherlands Antilles","Summer",1
"1009",1988,"New Zealand","Summer",24
"1010",1988,"Norway","Summer",22
"1011",1988,"Pakistan","Summer",1
"1012",1988,"Peru","Summer",12
"1013",1988,"Philippines","Summer",1
"1014",1988,"Poland","Summer",21
"1015",1988,"Portugal","Summer",1
"1016",1988,"Romania","Summer",58
"1017",1988,"Senegal","Summer",1
"1018",1988,"South Korea","Summer",75
"1019",1988,"South Korea-2","Summer",2
"1020",1988,"Soviet Union","Summer",300
"1021",1988,"Spain","Summer",5
"1022",1988,"Suriname","Summer",1
"1023",1988,"Sweden","Summer",16
"1024",1988,"Switzerland","Summer",8
"1025",1988,"Thailand","Summer",1
"1026",1988,"Turkey","Summer",2
"1027",1988,"United States","Summer",207
"1028",1988,"United States Virgin Islands","Summer",1
"1029",1988,"West Germany","Summer",115
"1030",1988,"Yugoslavia","Summer",63
"1031",1992,"Algeria","Summer",2
"1032",1992,"Argentina","Summer",2
"1033",1992,"Australia","Summer",57
"1034",1992,"Austria","Summer",6
"1035",1992,"Bahamas","Summer",1
"1036",1992,"Belgium","Summer",3
"1037",1992,"Brazil","Summer",14
"1038",1992,"Bulgaria","Summer",17
"1039",1992,"Canada","Summer",44
"1040",1992,"China","Summer",70
"1041",1992,"China-1","Summer",6
"1042",1992,"China-2","Summer",6
"1043",1992,"Chinese Taipei","Summer",20
"1044",1992,"Colombia","Summer",1
"1045",1992,"Croatia","Summer",15
"1046",1992,"Cuba","Summer",69
"1047",1992,"Czechoslovakia","Summer",6
"1048",1992,"Czechoslovakia-1","Summer",2
"1049",1992,"Denmark","Summer",14
"1050",1992,"Estonia","Summer",3
"1051",1992,"Ethiopia","Summer",3
"1052",1992,"Finland","Summer",7
"1053",1992,"France","Summer",55
"1054",1992,"France-1","Summer",2
"1055",1992,"Germany","Summer",198
"1056",1992,"Ghana","Summer",20
"1057",1992,"Great Britain","Summer",50
"1058",1992,"Greece","Summer",2
"1059",1992,"Hungary","Summer",45
"1060",1992,"Individual Olympic Athletes","Summer",3
"1061",1992,"Indonesia","Summer",4
"1062",1992,"Indonesia-1","Summer",2
"1063",1992,"Iran","Summer",3
"1064",1992,"Ireland","Summer",2
"1065",1992,"Israel","Summer",2
"1066",1992,"Italy","Summer",45
"1067",1992,"Jamaica","Summer",4
"1068",1992,"Japan","Summer",47
"1069",1992,"Kenya","Summer",8
"1070",1992,"Latvia","Summer",3
"1071",1992,"Lithuania","Summer",13
"1072",1992,"Malaysia-2","Summer",2
"1073",1992,"Mexico","Summer",1
"1074",1992,"Mongolia","Summer",2
"1075",1992,"Morocco","Summer",3
"1076",1992,"Namibia","Summer",2
"1077",1992,"Netherlands","Summer",33
"1078",1992,"New Zealand","Summer",15
"1079",1992,"Nigeria","Summer",11
"1080",1992,"North Korea","Summer",8
"1081",1992,"North Korea-1","Summer",2
"1082",1992,"Norway","Summer",23
"1083",1992,"Pakistan","Summer",16
"1084",1992,"Peru","Summer",1
"1085",1992,"Philippines","Summer",1
"1086",1992,"Poland","Summer",46
"1087",1992,"Puerto Rico","Summer",1
"1088",1992,"Qatar","Summer",1
"1089",1992,"Romania","Summer",53
"1090",1992,"Slovenia","Summer",6
"1091",1992,"South Africa","Summer",3
"1092",1992,"South Korea","Summer",37
"1093",1992,"South Korea-1","Summer",8
"1094",1992,"South Korea-2","Summer",4
"1095",1992,"Spain","Summer",69
"1096",1992,"Suriname","Summer",1
"1097",1992,"Sweden","Summer",35
"1098",1992,"Switzerland","Summer",1
"1099",1992,"Thailand","Summer",1
"1100",1992,"Turkey","Summer",6
"1101",1992,"Unified Team","Summer",220
"1102",1992,"United States","Summer",222
"1103",1992,"United States-1","Summer",2
"1104",1996,"Algeria","Summer",3
"1105",1996,"Argentina","Summer",20
"1106",1996,"Armenia","Summer",2
"1107",1996,"Australia","Summer",130
"1108",1996,"Australia-1","Summer",2
"1109",1996,"Austria","Summer",3
"1110",1996,"Azerbaijan","Summer",1
"1111",1996,"Bahamas","Summer",5
"1112",1996,"Belarus","Summer",23
"1113",1996,"Belgium","Summer",6
"1114",1996,"Brazil","Summer",59
"1115",1996,"Brazil-1","Summer",2
"1116",1996,"Brazil-2","Summer",2
"1117",1996,"Bulgaria","Summer",21
"1118",1996,"Burundi","Summer",1
"1119",1996,"Canada","Summer",48
"1120",1996,"Canada-1","Summer",2
"1121",1996,"China","Summer",94
"1122",1996,"China-1","Summer",4
"1123",1996,"China-2","Summer",8
"1124",1996,"Chinese Taipei","Summer",1
"1125",1996,"Costa Rica","Summer",1
"1126",1996,"Croatia","Summer",28
"1127",1996,"Cuba","Summer",55
"1128",1996,"Czech Republic","Summer",11
"1129",1996,"Czech Republic-1","Summer",2
"1130",1996,"Denmark","Summer",23
"1131",1996,"Ecuador","Summer",1
"1132",1996,"Ethiopia","Summer",3
"1133",1996,"Finland","Summer",4
"1134",1996,"France","Summer",49
"1135",1996,"France-1","Summer",2
"1136",1996,"Georgia","Summer",2
"1137",1996,"Germany","Summer",122
"1138",1996,"Germany-1","Summer",2
"1139",1996,"Great Britain","Summer",26
"1140",1996,"Greece","Summer",8
"1141",1996,"Hong Kong","Summer",1
"1142",1996,"Hungary","Summer",43
"1143",1996,"India","Summer",1
"1144",1996,"Indonesia","Summer",4
"1145",1996,"Indonesia-1","Summer",2
"1146",1996,"Iran","Summer",3
"1147",1996,"Ireland","Summer",4
"1148",1996,"Israel","Summer",1
"1149",1996,"Italy","Summer",71
"1150",1996,"Jamaica","Summer",16
"1151",1996,"Japan","Summer",42
"1152",1996,"Kazakhstan","Summer",11
"1153",1996,"Kenya","Summer",8
"1154",1996,"Latvia","Summer",1
"1155",1996,"Lithuania","Summer",11
"1156",1996,"Malaysia","Summer",1
"1157",1996,"Malaysia-1","Summer",2
"1158",1996,"Mexico","Summer",1
"1159",1996,"Moldova","Summer",3
"1160",1996,"Mongolia","Summer",1
"1161",1996,"Morocco","Summer",2
"1162",1996,"Mozambique","Summer",1
"1163",1996,"Namibia","Summer",2
"1164",1996,"Netherlands","Summer",73
"1165",1996,"New Zealand","Summer",9
"1166",1996,"Nigeria","Summer",24
"1167",1996,"North Korea","Summer",5
"1168",1996,"Norway","Summer",23
"1169",1996,"Philippines","Summer",1
"1170",1996,"Poland","Summer",22
"1171",1996,"Portugal","Summer",3
"1172",1996,"Puerto Rico","Summer",1
"1173",1996,"Romania","Summer",38
"1174",1996,"Russia","Summer",115
"1175",1996,"Serbia and Montenegro","Summer",26
"1176",1996,"Slovakia","Summer",3
"1177",1996,"Slovenia","Summer",2
"1178",1996,"South Africa","Summer",5
"1179",1996,"South Korea","Summer",56
"1180",1996,"South Korea-1","Summer",4
"1181",1996,"South Korea-2","Summer",6
"1182",1996,"Spain","Summer",66
"1183",1996,"Sweden","Summer",31
"1184",1996,"Switzerland","Summer",11
"1185",1996,"Syria","Summer",1
"1186",1996,"Thailand","Summer",2
"1187",1996,"Tonga","Summer",1
"1188",1996,"Trinidad and Tobago","Summer",2
"1189",1996,"Tunisia","Summer",1
"1190",1996,"Turkey","Summer",6
"1191",1996,"Uganda","Summer",1
"1192",1996,"Ukraine","Summer",34
"1193",1996,"United States","Summer",255
"1194",1996,"United States-1","Summer",2
"1195",1996,"United States-2","Summer",2
"1196",1996,"Uzbekistan","Summer",2
"1197",1996,"Zambia","Summer",1
"1198",2000,"Algeria","Summer",5
"1199",2000,"Argentina","Summer",20
"1200",2000,"Armenia","Summer",1
"1201",2000,"Australia","Summer",181
"1202",2000,"Australia-1","Summer",2
"1203",2000,"Austria","Summer",4
"1204",2000,"Azerbaijan","Summer",3
"1205",2000,"Bahamas","Summer",11
"1206",2000,"Barbados","Summer",1
"1207",2000,"Belarus","Summer",22
"1208",2000,"Belgium","Summer",7
"1209",2000,"Brazil","Summer",42
"1210",2000,"Brazil-1","Summer",4
"1211",2000,"Brazil-2","Summer",2
"1212",2000,"Bulgaria","Summer",13
"1213",2000,"Cameroon","Summer",18
"1214",2000,"Canada","Summer",31
"1215",2000,"Chile","Summer",17
"1216",2000,"China","Summer",65
"1217",2000,"China-1","Summer",6
"1218",2000,"China-2","Summer",8
"1219",2000,"Chinese Taipei","Summer",5
"1220",2000,"Colombia","Summer",1
"1221",2000,"Costa Rica","Summer",2
"1222",2000,"Croatia","Summer",10
"1223",2000,"Cuba","Summer",65
"1224",2000,"Czech Republic","Summer",7
"1225",2000,"Czech Republic-1","Summer",2
"1226",2000,"Denmark","Summer",25
"1227",2000,"Estonia","Summer",3
"1228",2000,"Ethiopia","Summer",8
"1229",2000,"Finland","Summer",5
"1230",2000,"France","Summer",64
"1231",2000,"France-1","Summer",2
"1232",2000,"Georgia","Summer",6
"1233",2000,"Germany","Summer",116
"1234",2000,"Germany-1","Summer",2
"1235",2000,"Great Britain","Summer",52
"1236",2000,"Great Britain-2","Summer",2
"1237",2000,"Greece","Summer",18
"1238",2000,"Hungary","Summer",53
"1239",2000,"Iceland","Summer",1
"1240",2000,"India","Summer",1
"1241",2000,"Indonesia","Summer",6
"1242",2000,"Indonesia-1","Summer",2
"1243",2000,"Iran","Summer",4
"1244",2000,"Ireland","Summer",1
"1245",2000,"Israel","Summer",1
"1246",2000,"Italy","Summer",65
"1247",2000,"Jamaica","Summer",23
"1248",2000,"Japan","Summer",44
"1249",2000,"Kazakhstan","Summer",7
"1250",2000,"Kenya","Summer",7
"1251",2000,"Kuwait","Summer",1
"1252",2000,"Kyrgyzstan","Summer",1
"1253",2000,"Latvia","Summer",3
"1254",2000,"Lithuania","Summer",17
"1255",2000,"Macedonia","Summer",1
"1256",2000,"Mexico","Summer",6
"1257",2000,"Moldova","Summer",2
"1258",2000,"Morocco","Summer",5
"1259",2000,"Mozambique","Summer",1
"1260",2000,"Netherlands","Summer",79
"1261",2000,"New Zealand","Summer",4
"1262",2000,"Nigeria","Summer",8
"1263",2000,"North Korea","Summer",4
"1264",2000,"Norway","Summer",43
"1265",2000,"Poland","Summer",22
"1266",2000,"Poland-1","Summer",2
"1267",2000,"Portugal","Summer",2
"1268",2000,"Qatar","Summer",1
"1269",2000,"Romania","Summer",46
"1270",2000,"Russia","Summer",187
"1271",2000,"Saudi Arabia","Summer",2
"1272",2000,"Serbia and Montenegro","Summer",25
"1273",2000,"Slovakia","Summer",6
"1274",2000,"Slovenia","Summer",3
"1275",2000,"South Africa","Summer",5
"1276",2000,"South Korea","Summer",67
"1277",2000,"South Korea-1","Summer",4
"1278",2000,"South Korea-2","Summer",2
"1279",2000,"Spain","Summer",42
"1280",2000,"Sri Lanka","Summer",1
"1281",2000,"Sweden","Summer",32
"1282",2000,"Switzerland","Summer",14
"1283",2000,"Thailand","Summer",3
"1284",2000,"Trinidad and Tobago","Summer",2
"1285",2000,"Turkey","Summer",5
"1286",2000,"Ukraine","Summer",35
"1287",2000,"United States","Summer",240
"1288",2000,"United States-1","Summer",2
"1289",2000,"Uruguay","Summer",1
"1290",2000,"Uzbekistan","Summer",4
"1291",2000,"Vietnam","Summer",1
"1292",2004,"Argentina","Summer",49
"1293",2004,"Australia","Summer",157
"1294",2004,"Austria","Summer",8
"1295",2004,"Azerbaijan","Summer",5
"1296",2004,"Bahamas","Summer",2
"1297",2004,"Belarus","Summer",15
"1298",2004,"Belgium","Summer",3
"1299",2004,"Brazil","Summer",36
"1300",2004,"Brazil-1","Summer",4
"1301",2004,"Bulgaria","Summer",17
"1302",2004,"Cameroon","Summer",1
"1303",2004,"Canada","Summer",17
"1304",2004,"Chile","Summer",4
"1305",2004,"China","Summer",82
"1306",2004,"China-1","Summer",8
"1307",2004,"China-2","Summer",4
"1308",2004,"Chinese Taipei","Summer",9
"1309",2004,"Colombia","Summer",2
"1310",2004,"Croatia","Summer",21
"1311",2004,"Cuba","Summer",62
"1312",2004,"Czech Republic","Summer",11
"1313",2004,"Czech Republic-1","Summer",2
"1314",2004,"Denmark","Summer",27
"1315",2004,"Denmark-2","Summer",2
"1316",2004,"Dominican Republic","Summer",1
"1317",2004,"Egypt","Summer",5
"1318",2004,"Eritrea","Summer",1
"1319",2004,"Estonia","Summer",3
"1320",2004,"Ethiopia","Summer",7
"1321",2004,"Finland","Summer",2
"1322",2004,"France","Summer",53
"1323",2004,"Georgia","Summer",4
"1324",2004,"Germany","Summer",147
"1325",2004,"Germany-1","Summer",2
"1326",2004,"Great Britain","Summer",55
"1327",2004,"Great Britain-1","Summer",2
"1328",2004,"Greece","Summer",31
"1329",2004,"Hong Kong-2","Summer",2
"1330",2004,"Hungary","Summer",40
"1331",2004,"India","Summer",1
"1332",2004,"Indonesia","Summer",3
"1333",2004,"Indonesia-1","Summer",2
"1334",2004,"Iran","Summer",6
"1335",2004,"Israel","Summer",2
"1336",2004,"Italy","Summer",104
"1337",2004,"Jamaica","Summer",13
"1338",2004,"Japan","Summer",93
"1339",2004,"Kazakhstan","Summer",8
"1340",2004,"Kenya","Summer",7
"1341",2004,"Latvia","Summer",4
"1342",2004,"Lithuania","Summer",3
"1343",2004,"Mexico","Summer",4
"1344",2004,"Mongolia","Summer",1
"1345",2004,"Morocco","Summer",3
"1346",2004,"Netherlands","Summer",77
"1347",2004,"New Zealand","Summer",6
"1348",2004,"Nigeria","Summer",8
"1349",2004,"North Korea","Summer",5
"1350",2004,"Norway","Summer",7
"1351",2004,"Paraguay","Summer",17
"1352",2004,"Poland","Summer",12
"1353",2004,"Portugal","Summer",3
"1354",2004,"Romania","Summer",39
"1355",2004,"Russia","Summer",189
"1356",2004,"Serbia and Montenegro","Summer",13
"1357",2004,"Slovakia","Summer",10
"1358",2004,"Slovenia","Summer",5
"1359",2004,"South Africa","Summer",10
"1360",2004,"South Korea","Summer",46
"1361",2004,"South Korea-1","Summer",4
"1362",2004,"South Korea-2","Summer",2
"1363",2004,"Spain","Summer",28
"1364",2004,"Spain-2","Summer",2
"1365",2004,"Sweden","Summer",12
"1366",2004,"Switzerland","Summer",5
"1367",2004,"Switzerland-2","Summer",2
"1368",2004,"Syria","Summer",1
"1369",2004,"Thailand","Summer",8
"1370",2004,"Trinidad and Tobago","Summer",1
"1371",2004,"Turkey","Summer",11
"1372",2004,"Ukraine","Summer",47
"1373",2004,"United Arab Emirates","Summer",1
"1374",2004,"United States","Summer",259
"1375",2004,"United States-1","Summer",2
"1376",2004,"United States-2","Summer",2
"1377",2004,"Uzbekistan","Summer",5
"1378",2004,"Venezuela","Summer",2
"1379",2004,"Zimbabwe","Summer",3
"1380",2008,"Afghanistan","Summer",1
"1381",2008,"Algeria","Summer",2
"1382",2008,"Argentina","Summer",51
"1383",2008,"Armenia","Summer",6
"1384",2008,"Australia","Summer",149
"1385",2008,"Austria","Summer",3
"1386",2008,"Azerbaijan","Summer",7
"1387",2008,"Bahamas","Summer",7
"1388",2008,"Belarus","Summer",29
"1389",2008,"Belgium","Summer",5
"1390",2008,"Bonaparte","Summer",1
"1391",2008,"Brazil","Summer",74
"1392",2008,"Brazil-1","Summer",2
"1393",2008,"Brazil-2","Summer",2
"1394",2008,"Bulgaria","Summer",5
"1395",2008,"Cameroon","Summer",1
"1396",2008,"Canada","Summer",35
"1397",2008,"Chile","Summer",1
"1398",2008,"China","Summer",170
"1399",2008,"China-1","Summer",10
"1400",2008,"China-2","Summer",4
"1401",2008,"Chinese Taipei","Summer",4
"1402",2008,"Clearwater","Summer",1
"1403",2008,"Colombia","Summer",2
"1404",2008,"Croatia","Summer",5
"1405",2008,"Cuba","Summer",47
"1406",2008,"Czech Republic","Summer",7
"1407",2008,"Denmark","Summer",16
"1408",2008,"Digby","Summer",1
"1409",2008,"Dominican Republic","Summer",2
"1410",2008,"Don Schufro","Summer",1
"1411",2008,"Ecuador","Summer",1
"1412",2008,"Egypt","Summer",1
"1413",2008,"Elvis Va","Summer",1
"1414",2008,"Estonia","Summer",3
"1415",2008,"Ethiopia","Summer",7
"1416",2008,"Finland","Summer",5
"1417",2008,"France","Summer",77
"1418",2008,"Georgia","Summer",6
"1419",2008,"Germany","Summer",96
"1420",2008,"Great Britain","Summer",81
"1421",2008,"Greece","Summer",7
"1422",2008,"Hungary","Summer",27
"1423",2008,"Iceland","Summer",14
"1424",2008,"India","Summer",3
"1425",2008,"Indonesia","Summer",3
"1426",2008,"Indonesia-1","Summer",4
"1427",2008,"Iran","Summer",2
"1428",2008,"Ireland","Summer",3
"1429",2008,"Israel","Summer",1
"1430",2008,"Italy","Summer",42
"1431",2008,"Jamaica","Summer",14
"1432",2008,"Japan","Summer",51
"1433",2008,"Kazakhstan","Summer",13
"1434",2008,"Kenya","Summer",15
"1435",2008,"Kyrgyzstan","Summer",2
"1436",2008,"Latvia","Summer",3
"1437",2008,"Lithuania","Summer",5
"1438",2008,"Malaysia","Summer",1
"1439",2008,"Mauritius","Summer",1
"1440",2008,"Mexico","Summer",4
"1441",2008,"Moldova","Summer",1
"1442",2008,"Mongolia","Summer",4
"1443",2008,"Morocco","Summer",2
"1444",2008,"Nadine","Summer",1
"1445",2008,"Netherlands","Summer",58
"1446",2008,"New Zealand","Summer",15
"1447",2008,"Nigeria","Summer",23
"1448",2008,"North Korea","Summer",6
"1449",2008,"Norway","Summer",22
"1450",2008,"Panama","Summer",1
"1451",2008,"Poland","Summer",20
"1452",2008,"Portugal","Summer",2
"1453",2008,"Romania","Summer",22
"1454",2008,"Russia","Summer",142
"1455",2008,"Salinero","Summer",1
"1456",2008,"Satchmo","Summer",1
"1457",2008,"Serbia","Summer",15
"1458",2008,"Singapore","Summer",3
"1459",2008,"Slovakia","Summer",10
"1460",2008,"Slovenia","Summer",5
"1461",2008,"South Africa","Summer",1
"1462",2008,"South Korea","Summer",72
"1463",2008,"South Korea-1","Summer",6
"1464",2008,"Spain","Summer",68
"1465",2008,"Spain-1","Summer",2
"1466",2008,"Sudan","Summer",1
"1467",2008,"Sunrise","Summer",1
"1468",2008,"Sweden","Summer",5
"1469",2008,"Sweden-2","Summer",2
"1470",2008,"Switzerland","Summer",11
"1471",2008,"Tajikistan","Summer",2
"1472",2008,"Thailand","Summer",4
"1473",2008,"Togo","Summer",1
"1474",2008,"Trinidad and Tobago","Summer",6
"1475",2008,"Tunisia","Summer",1
"1476",2008,"Turkey","Summer",7
"1477",2008,"Ukraine","Summer",31
"1478",2008,"United States","Summer",309
"1479",2008,"United States-1","Summer",6
"1480",2008,"United States-2","Summer",2
"1481",2008,"Uzbekistan","Summer",6
"1482",2008,"Venezuela","Summer",1
"1483",2008,"Vietnam","Summer",1
"1484",2008,"Zimbabwe","Summer",4
"1485",2012,"Afghanistan","Summer",1
"1486",2012,"Algeria","Summer",1
"1487",2012,"Argentina","Summer",19
"1488",2012,"Armenia","Summer",3
"1489",2012,"Australia","Summer",114
"1490",2012,"Azerbaijan","Summer",10
"1491",2012,"Bahamas","Summer",4
"1492",2012,"Bahrain","Summer",1
"1493",2012,"Belarus","Summer",23
"1494",2012,"Belgium","Summer",3
"1495",2012,"Botswana","Summer",1
"1496",2012,"Brazil","Summer",55
"1497",2012,"Brazil-1","Summer",4
"1498",2012,"Bulgaria","Summer",2
"1499",2012,"Canada","Summer",55
"1500",2012,"China","Summer",117
"1501",2012,"China-1","Summer",6
"1502",2012,"China-2","Summer",2
"1503",2012,"Chinese Taipei","Summer",2
"1504",2012,"Colombia","Summer",8
"1505",2012,"Croatia","Summer",35
"1506",2012,"Cuba","Summer",14
"1507",2012,"Cyprus","Summer",1
"1508",2012,"Czech Republic","Summer",12
"1509",2012,"Czech Republic-1","Summer",2
"1510",2012,"Denmark","Summer",14
"1511",2012,"Denmark-1","Summer",2
"1512",2012,"Dominican Republic","Summer",2
"1513",2012,"Egypt","Summer",2
"1514",2012,"Estonia","Summer",2
"1515",2012,"Ethiopia","Summer",7
"1516",2012,"Finland","Summer",5
"1517",2012,"France","Summer",78
"1518",2012,"France-1","Summer",2
"1519",2012,"France-2","Summer",2
"1520",2012,"Gabon","Summer",1
"1521",2012,"Georgia","Summer",7
"1522",2012,"Germany","Summer",92
"1523",2012,"Germany-1","Summer",2
"1524",2012,"Great Britain","Summer",122
"1525",2012,"Great Britain-1","Summer",2
"1526",2012,"Great Britain-2","Summer",2
"1527",2012,"Greece","Summer",3
"1528",2012,"Grenada","Summer",1
"1529",2012,"Guatemala","Summer",1
"1530",2012,"Hong Kong","Summer",1
"1531",2012,"Hungary","Summer",26
"1532",2012,"India","Summer",6
"1533",2012,"Indonesia","Summer",2
"1534",2012,"Iran","Summer",12
"1535",2012,"Ireland","Summer",5
"1536",2012,"Italy","Summer",68
"1537",2012,"Jamaica","Summer",25
"1538",2012,"Japan","Summer",82
"1539",2012,"Japan-1","Summer",2
"1540",2012,"Kazakhstan","Summer",13
"1541",2012,"Kenya","Summer",11
"1542",2012,"Kuwait","Summer",1
"1543",2012,"Latvia","Summer",1
"1544",2012,"Latvia-1","Summer",2
"1545",2012,"Lithuania","Summer",5
"1546",2012,"Malaysia","Summer",2
"1547",2012,"Mexico","Summer",24
"1548",2012,"Moldova","Summer",2
"1549",2012,"Mongolia","Summer",5
"1550",2012,"Montenegro","Summer",14
"1551",2012,"Morocco","Summer",1
"1552",2012,"Netherlands","Summer",69
"1553",2012,"New Zealand","Summer",27
"1554",2012,"North Korea","Summer",6
"1555",2012,"Norway","Summer",17
"1556",2012,"Poland","Summer",12
"1557",2012,"Portugal","Summer",2
"1558",2012,"Puerto Rico","Summer",2
"1559",2012,"Qatar","Summer",2
"1560",2012,"Romania","Summer",16
"1561",2012,"Russia","Summer",138
"1562",2012,"Russia-1","Summer",2
"1563",2012,"Saudi Arabia","Summer",4
"1564",2012,"Serbia","Summer",16
"1565",2012,"Singapore","Summer",4
"1566",2012,"Slovakia","Summer",5
"1567",2012,"Slovenia","Summer",5
"1568",2012,"South Africa","Summer",9
"1569",2012,"South Korea","Summer",59
"1570",2012,"South Korea-1","Summer",2
"1571",2012,"Spain","Summer",63
"1572",2012,"Sweden","Summer",22
"1573",2012,"Switzerland","Summer",4
"1574",2012,"Tajikistan","Summer",1
"1575",2012,"Thailand","Summer",3
"1576",2012,"Trinidad and Tobago","Summer",10
"1577",2012,"Tunisia","Summer",3
"1578",2012,"Turkey","Summer",5
"1579",2012,"Uganda","Summer",1
"1580",2012,"Ukraine","Summer",26
"1581",2012,"United States","Summer",238
"1582",2012,"United States-1","Summer",8
"1583",2012,"United States-2","Summer",2
"1584",2012,"Uzbekistan","Summer",3
"1585",2012,"Venezuela","Summer",1
"1586",2016,"Algeria","Summer",2
"1587",2016,"Argentina","Summer",22
"1588",2016,"Armenia","Summer",4
"1589",2016,"Australia","Summer",82
"1590",2016,"Austria","Summer",2
"1591",2016,"Azerbaijan","Summer",18
"1592",2016,"Bahamas","Summer",6
"1593",2016,"Bahrain","Summer",2
"1594",2016,"Belarus","Summer",12
"1595",2016,"Belgium","Summer",21
"1596",2016,"Brazil","Summer",46
"1597",2016,"Brazil-1","Summer",4
"1598",2016,"Bulgaria","Summer",7
"1599",2016,"Burundi","Summer",1
"1600",2016,"Canada","Summer",69
"1601",2016,"China","Summer",109
"1602",2016,"China-1","Summer",4
"1603",2016,"Chinese Taipei","Summer",5
"1604",2016,"Colombia","Summer",8
"1605",2016,"Cote d'Ivoire","Summer",2
"1606",2016,"Croatia","Summer",24
"1607",2016,"Cuba","Summer",11
"1608",2016,"Czech Republic","Summer",13
"1609",2016,"Czech Republic-1","Summer",2
"1610",2016,"Denmark","Summer",41
"1611",2016,"Dominican Republic","Summer",1
"1612",2016,"Egypt","Summer",3
"1613",2016,"Estonia","Summer",4
"1614",2016,"Ethiopia","Summer",8
"1615",2016,"Fiji","Summer",13
"1616",2016,"Finland","Summer",1
"1617",2016,"France","Summer",96
"1618",2016,"Georgia","Summer",7
"1619",2016,"Germany","Summer",157
"1620",2016,"Germany-1","Summer",2
"1621",2016,"Great Britain","Summer",145
"1622",2016,"Greece","Summer",7
"1623",2016,"Grenada","Summer",1
"1624",2016,"Hungary","Summer",22
"1625",2016,"India","Summer",2
"1626",2016,"Individual Olympic Athletes","Summer",2
"1627",2016,"Indonesia","Summer",2
"1628",2016,"Indonesia-1","Summer",2
"1629",2016,"Iran","Summer",8
"1630",2016,"Ireland","Summer",3
"1631",2016,"Israel","Summer",2
"1632",2016,"Italy","Summer",70
"1633",2016,"Italy-1","Summer",2
"1634",2016,"Jamaica","Summer",30
"1635",2016,"Japan","Summer",64
"1636",2016,"Jordan","Summer",1
"1637",2016,"Kazakhstan","Summer",18
"1638",2016,"Kenya","Summer",13
"1639",2016,"Kosovo","Summer",1
"1640",2016,"Lithuania","Summer",7
"1641",2016,"Malaysia","Summer",8
"1642",2016,"Mexico","Summer",5
"1643",2016,"Mongolia","Summer",2
"1644",2016,"Morocco","Summer",1
"1645",2016,"Netherlands","Summer",45
"1646",2016,"Netherlands-1","Summer",2
"1647",2016,"New Zealand","Summer",36
"1648",2016,"Niger","Summer",1
"1649",2016,"Nigeria","Summer",18
"1650",2016,"North Korea","Summer",7
"1651",2016,"Norway","Summer",19
"1652",2016,"Philippines","Summer",1
"1653",2016,"Poland","Summer",16
"1654",2016,"Portugal","Summer",1
"1655",2016,"Puerto Rico","Summer",1
"1656",2016,"Qatar","Summer",1
"1657",2016,"Romania","Summer",16
"1658",2016,"Russia","Summer",113
"1659",2016,"Russia-2","Summer",2
"1660",2016,"Serbia","Summer",54
"1661",2016,"Singapore","Summer",1
"1662",2016,"Slovakia","Summer",8
"1663",2016,"Slovenia","Summer",4
"1664",2016,"South Africa","Summer",23
"1665",2016,"South Korea","Summer",24
"1666",2016,"South Korea-1","Summer",2
"1667",2016,"Spain","Summer",43
"1668",2016,"Spain-2","Summer",2
"1669",2016,"Sweden","Summer",28
"1670",2016,"Switzerland","Summer",11
"1671",2016,"Tajikistan","Summer",1
"1672",2016,"Thailand","Summer",6
"1673",2016,"Trinidad and Tobago","Summer",1
"1674",2016,"Tunisia","Summer",3
"1675",2016,"Turkey","Summer",8
"1676",2016,"Ukraine","Summer",15
"1677",2016,"United Arab Emirates","Summer",1
"1678",2016,"United States","Summer",256
"1679",2016,"United States-1","Summer",4
"1680",2016,"United States-2","Summer",4
"1681",2016,"Uzbekistan","Summer",13
"1682",2016,"Venezuela","Summer",3
"1683",2016,"Vietnam","Summer",2
